Rk,Player,Age,Team,Pos,G,GS,MP,FG,FGA,FG%,3P,3PA,3P%,2P,2PA,2P%,eFG%,FT,FTA,FT%,ORB,DRB,TRB,AST,STL,BLK,TOV,PF,PTS,Awards,Player-additional
1,Luka Dončić,26,LAL,PG,63,63,35.9,11.0,23.0,.477,4.0,10.9,.368,6.9,12.1,.575,.564,7.9,10.1,.779,0.7,7.1,7.8,8.3,1.7,0.5,4.0,2.4,33.8,AS,doncilu01
2,Shai Gilgeous-Alexander,27,OKC,PG,64,64,33.5,10.8,19.6,.553,1.7,4.4,.382,9.1,15.2,.602,.596,8.3,9.4,.880,0.5,3.8,4.4,6.5,1.4,0.8,2.2,2.1,31.6,AS,gilgesh01
3,Anthony Edwards,24,MIN,SG,59,58,35.3,10.0,20.4,.493,3.4,8.5,.404,6.6,11.9,.556,.577,5.8,7.3,.797,0.6,4.5,5.1,3.7,1.4,0.8,2.8,1.9,29.3,AS,edwaran01
4,Tyrese Maxey,25,PHI,PG,64,64,38.4,10.1,21.8,.463,3.3,8.8,.370,6.8,13.0,.525,.537,5.4,6.1,.892,0.3,3.9,4.2,6.8,2.0,0.8,2.4,2.2,28.8,AS,maxeyty01
5,Jaylen Brown,29,BOS,SF,67,67,34.4,10.4,21.9,.476,2.0,5.7,.344,8.4,16.1,.523,.521,6.0,7.6,.794,1.2,5.9,7.0,5.3,1.0,0.4,3.6,2.7,28.8,AS,brownja02
6,Kawhi Leonard,34,LAC,SF,60,60,32.1,9.8,19.5,.503,2.6,6.9,.380,7.2,12.6,.570,.570,5.9,6.6,.899,1.1,5.3,6.4,3.6,2.0,0.5,2.1,1.2,28.1,AS,leonaka01
7,Donovan Mitchell,29,CLE,SG,67,67,33.4,9.6,20.0,.479,3.2,8.9,.363,6.4,11.1,.572,.560,5.3,6.1,.862,0.7,3.7,4.4,5.7,1.5,0.3,2.8,2.3,27.7,AS,mitchdo01
8,Nikola Jokić,30,DEN,C,61,61,34.9,9.9,17.3,.572,1.8,4.6,.387,8.1,12.7,.640,.624,6.1,7.3,.826,2.9,10.1,13.0,10.8,1.4,0.8,3.9,2.7,27.7,AS,jokicni01
9,Jalen Brunson,29,NYK,PG,70,70,35.0,9.3,20.0,.465,2.7,7.2,.371,6.6,12.8,.517,.531,4.8,5.8,.841,0.4,3.0,3.4,6.7,0.8,0.1,2.4,2.3,26.1,AS,brunsja01
10,Kevin Durant,37,HOU,SF,73,73,36.4,9.1,17.7,.517,2.4,5.8,.408,6.8,11.9,.570,.584,5.2,5.9,.877,0.5,4.9,5.4,4.7,0.8,0.9,3.2,1.8,25.8,AS,duranke01
11,Devin Booker,29,PHO,SG,60,60,33.3,8.5,18.5,.457,1.9,5.7,.327,6.6,12.8,.516,.508,7.0,8.1,.868,0.8,3.1,3.9,6.0,0.8,0.3,3.2,2.6,25.8,AS,bookede01
12,Jamal Murray,28,DEN,PG,72,72,35.2,8.8,18.3,.484,3.3,7.5,.434,5.6,10.8,.518,.573,4.7,5.3,.885,0.4,4.0,4.4,7.1,0.9,0.4,2.3,1.7,25.6,AS,murraja01
13,Victor Wembanyama,22,SAS,C,61,52,29.2,8.6,16.9,.509,1.9,5.5,.350,6.7,11.4,.586,.566,5.6,6.9,.823,2.0,9.4,11.5,3.0,1.0,3.1,2.5,2.5,24.7,AS,wembavi01
14,Cade Cunningham,24,DET,PG,61,61,34.4,8.7,18.9,.461,2.0,5.8,.346,6.7,13.1,.513,.515,5.1,6.2,.814,0.9,4.7,5.6,9.9,1.5,0.9,3.7,3.1,24.5,AS,cunnica01
15,Deni Avdija,25,POR,SF,61,61,33.1,7.3,15.9,.460,1.9,5.9,.318,5.4,10.0,.544,.519,7.4,9.2,.799,1.2,5.8,7.0,6.7,0.8,0.6,3.8,2.5,23.9,AS,avdijde01
16,Pascal Siakam,31,IND,PF,61,61,33.2,9.0,18.5,.483,1.7,4.7,.356,7.3,13.8,.526,.528,4.3,6.1,.693,1.4,5.2,6.6,3.8,1.1,0.4,2.2,2.4,23.9,AS,siakapa01
17,James Harden,36,2TM,PG,66,66,35.0,7.0,16.0,.434,3.0,8.2,.372,3.9,7.9,.499,.529,6.7,7.6,.881,0.6,4.3,4.9,8.1,1.1,0.4,3.5,2.0,23.7,,hardeja01
18,Jalen Johnson,24,ATL,SF,68,68,35.4,8.5,17.2,.493,1.7,4.8,.350,6.8,12.4,.548,.541,4.2,5.4,.786,1.4,8.9,10.3,8.1,1.3,0.5,3.4,2.1,22.8,AS,johnsja05
19,Paolo Banchero,23,ORL,PF,66,66,34.9,7.4,16.2,.457,1.2,3.9,.309,6.2,12.3,.505,.495,6.4,8.2,.781,1.2,7.2,8.3,5.1,0.7,0.6,3.0,2.0,22.4,,banchpa01
20,Norman Powell,32,MIA,SG,55,52,30.1,7.4,15.7,.473,2.7,7.1,.384,4.7,8.5,.547,.560,4.5,5.5,.825,0.4,3.2,3.6,2.6,1.1,0.3,1.9,2.3,22.1,AS,powelno01
21,Trey Murphy III,25,NOP,SF,64,64,35.5,7.5,16.0,.471,3.3,8.7,.383,4.2,7.3,.574,.574,3.3,3.8,.883,1.0,4.7,5.7,3.8,1.5,0.3,1.8,2.1,21.7,,murphtr02
22,Brandon Ingram,28,TOR,SF,71,71,34.0,8.0,16.9,.471,1.8,4.7,.374,6.2,12.2,.508,.523,3.7,4.6,.818,0.8,4.8,5.5,3.6,0.8,0.7,2.5,1.9,21.4,AS,ingrabr01
23,Zion Williamson,25,NOP,PF,59,52,29.7,8.0,13.2,.604,0.0,0.1,.250,7.9,13.1,.606,.605,5.4,7.5,.712,2.1,3.7,5.7,3.2,1.0,0.5,2.0,2.3,21.3,,willizi01
24,Julius Randle,31,MIN,PF,75,75,33.1,7.3,15.3,.477,1.4,4.4,.312,5.9,10.9,.543,.522,5.0,6.2,.809,1.7,5.1,6.8,5.1,1.1,0.2,2.7,2.9,21.0,,randlju01
25,LeBron James,41,LAL,SF,55,55,33.5,7.8,15.3,.512,1.3,4.1,.314,6.6,11.3,.583,.553,3.8,5.1,.744,0.8,5.2,6.0,7.0,1.1,0.6,3.0,1.4,20.7,AS,jamesle01
26,Alperen Şengün,23,HOU,C,67,67,33.5,8.1,15.7,.520,0.6,1.8,.320,7.6,13.9,.546,.539,3.7,5.4,.689,3.0,5.9,8.9,6.2,1.3,1.1,3.1,3.3,20.6,AS,sengual01
27,Nickeil Alexander-Walker,27,ATL,SG,74,67,33.2,6.9,15.2,.453,3.1,8.0,.394,3.8,7.2,.519,.556,3.6,4.0,.900,0.7,2.8,3.5,3.7,1.3,0.5,2.1,2.2,20.6,,alexani01
28,Brandon Miller,23,CHO,SF,59,59,30.2,7.0,16.1,.435,3.2,8.2,.390,3.8,7.9,.481,.534,3.2,3.6,.892,1.1,4.0,5.0,3.4,1.0,0.7,2.7,2.8,20.4,,millebr02
29,Cooper Flagg,19,DAL,SF,64,64,33.8,7.8,16.6,.467,0.9,3.4,.278,6.8,13.2,.516,.496,3.8,4.7,.812,1.2,5.4,6.6,4.5,1.2,0.9,2.4,2.1,20.3,,flaggco01
30,Bam Adebayo,28,MIA,C,68,68,32.3,7.0,15.9,.439,1.7,5.5,.315,5.2,10.4,.505,.494,4.6,5.9,.776,2.1,7.9,10.0,3.0,1.2,0.7,1.7,1.7,20.3,,adebaba01
31,Desmond Bane,27,ORL,SG,76,76,34.1,7.2,14.9,.484,2.0,5.3,.388,5.2,9.6,.536,.552,3.8,4.2,.921,1.2,2.9,4.1,4.2,1.0,0.4,2.0,3.1,20.3,,banede01
32,Karl-Anthony Towns,30,NYK,C,72,72,31.0,6.9,13.8,.496,1.5,4.1,.368,5.3,9.7,.550,.551,4.8,5.7,.855,3.2,8.7,11.9,2.9,0.8,0.5,2.5,3.4,20.1,AS,townska01
33,LaMelo Ball,24,CHO,PG,66,63,27.8,6.9,17.1,.402,3.7,10.0,.365,3.2,7.1,.455,.509,2.2,2.4,.894,0.9,4.0,4.8,7.1,1.2,0.2,2.8,2.7,19.6,,ballla01
34,Jalen Duren,22,DET,C,65,65,28.1,7.5,11.6,.647,0.0,0.0,,7.5,11.6,.647,.647,4.6,6.1,.749,3.8,6.8,10.6,1.8,0.8,0.9,1.8,2.8,19.5,AS,durenja01
35,Kon Knueppel,20,CHO,SF,75,74,31.5,6.4,13.4,.482,3.4,7.9,.431,3.0,5.4,.557,.610,2.5,2.9,.862,1.2,4.2,5.4,3.4,0.7,0.2,2.0,2.1,18.8,,knuepko01
36,CJ McCollum,34,2TM,PG,72,56,29.8,6.8,15.2,.452,2.5,6.7,.368,4.4,8.4,.519,.533,2.5,3.2,.773,0.8,2.5,3.3,3.8,0.8,0.4,1.8,1.9,18.6,,mccolcj01
37,DeMar DeRozan,36,SAC,PF,75,75,31.6,6.5,13.2,.493,0.6,1.9,.315,5.9,11.2,.524,.517,5.0,5.7,.868,0.5,2.5,3.0,4.1,1.0,0.3,1.3,2.0,18.6,,derozde01
38,Jerami Grant,31,POR,PF,57,38,29.7,5.8,12.8,.453,2.4,6.1,.389,3.4,6.7,.513,.547,4.6,5.6,.814,1.0,2.5,3.5,2.1,0.7,0.6,2.1,2.5,18.6,,grantje01
39,De'Aaron Fox,28,SAS,PG,66,66,30.9,7.0,14.4,.487,1.8,5.4,.337,5.2,9.0,.578,.551,2.7,3.5,.762,0.6,3.1,3.7,6.2,1.2,0.3,2.3,2.2,18.5,AS,foxde01
40,Scottie Barnes,24,TOR,PF,74,74,33.8,7.2,14.3,.503,0.9,2.9,.298,6.3,11.4,.556,.534,3.1,3.8,.812,1.9,5.7,7.6,5.9,1.4,1.5,2.7,2.8,18.3,AS,barnesc01
41,Evan Mobley,24,CLE,PF,61,59,32.1,7.2,13.3,.544,1.0,3.3,.302,6.2,10.0,.625,.582,2.8,4.5,.610,2.4,6.6,8.9,3.6,0.8,1.8,1.9,2.5,18.2,,mobleev01
42,Amen Thompson,23,HOU,PG,74,74,37.3,6.9,13.1,.524,0.3,1.5,.223,6.5,11.6,.563,.537,3.8,4.9,.781,3.0,4.8,7.8,5.3,1.5,0.6,2.4,2.2,17.9,,thompam01
43,Saddiq Bey,26,NOP,SF,69,61,31.1,6.0,13.2,.452,2.1,5.7,.366,3.9,7.6,.516,.531,3.4,4.0,.845,1.7,3.9,5.6,2.6,0.9,0.1,1.0,1.3,17.4,,beysa01
44,Ryan Rollins,23,MIL,PG,72,65,32.1,6.5,13.8,.470,2.5,6.1,.407,4.0,7.7,.521,.560,1.7,2.1,.788,0.7,3.9,4.6,5.6,1.5,0.4,2.7,2.6,17.1,,rolliry01
45,Miles Bridges,27,CHO,PF,71,71,31.3,6.2,13.7,.453,1.9,5.9,.323,4.3,7.8,.550,.522,2.8,3.4,.832,1.0,4.8,5.8,3.2,0.6,0.4,1.4,1.7,17.1,,bridgmi02
46,Chet Holmgren,23,OKC,PF,65,65,29.3,6.3,11.4,.551,1.2,3.5,.348,5.0,7.9,.642,.605,3.3,4.1,.799,1.9,7.0,8.9,1.7,0.6,1.8,1.6,2.3,17.0,AS,holmgch01
47,Payton Pritchard,28,BOS,PG,74,50,32.5,6.4,13.9,.460,2.7,7.1,.372,3.7,6.7,.552,.556,1.6,1.8,.886,0.9,3.2,4.0,5.1,0.7,0.1,1.4,1.5,17.0,,pritcpa01
48,Andrew Nembhard,26,IND,PG,57,57,31.3,5.8,13.2,.442,1.9,5.2,.361,4.0,8.0,.495,.513,3.4,4.1,.825,0.4,2.4,2.8,7.7,0.9,0.1,2.4,2.2,16.9,,nembhan01
49,Immanuel Quickley,26,TOR,PG,67,67,32.4,5.9,13.2,.445,2.6,6.9,.374,3.3,6.3,.523,.543,2.5,3.1,.821,0.5,3.5,4.1,6.0,1.3,0.1,1.5,2.0,16.9,,quickim01
50,Derrick White,31,BOS,SG,72,72,34.3,5.8,14.8,.392,2.7,8.4,.321,3.1,6.4,.487,.484,2.5,2.8,.900,1.1,3.3,4.5,5.5,1.2,1.4,1.8,1.6,16.8,,whitede01
51,OG Anunoby,28,NYK,PF,63,63,33.4,5.8,12.1,.484,2.3,6.0,.379,3.6,6.1,.586,.578,2.7,3.3,.818,1.3,3.9,5.2,2.2,1.6,0.7,1.9,2.5,16.7,,anunoog01
52,Stephon Castle,21,SAS,PG,64,63,29.8,5.6,11.9,.471,1.2,3.6,.326,4.4,8.3,.534,.520,4.2,5.8,.730,1.4,3.8,5.2,7.3,1.2,0.3,3.2,3.2,16.6,,castlst01
53,Matas Buzelis,21,CHI,PF,75,75,29.3,5.8,12.5,.465,2.3,6.4,.358,3.5,6.1,.579,.557,2.4,3.1,.792,1.0,4.8,5.8,2.1,0.7,1.5,2.1,2.3,16.4,,buzelma01
54,VJ Edgecombe,20,PHI,SG,69,69,34.8,6.0,13.7,.440,2.0,5.6,.362,4.0,8.1,.494,.514,2.0,2.4,.828,1.6,4.0,5.6,4.1,1.4,0.5,1.8,2.9,16.1,,edgecvj01
55,Nikola Vučević,35,2TM,C,60,49,29.0,6.4,12.8,.496,1.6,4.3,.373,4.8,8.6,.557,.558,1.3,1.5,.835,2.0,6.6,8.6,3.4,0.6,0.7,1.3,2.0,15.6,,vucevni01
56,Andrew Wiggins,30,MIA,SF,63,63,30.7,5.9,12.3,.476,2.0,4.9,.411,3.8,7.4,.518,.557,1.8,2.3,.788,1.7,3.3,5.0,2.7,1.2,1.1,1.5,2.3,15.6,,wiggian01
57,Jabari Smith Jr.,22,HOU,PF,72,72,35.2,5.6,12.5,.450,2.2,6.2,.358,3.4,6.3,.540,.538,2.1,2.7,.776,1.5,5.5,6.9,1.9,0.8,0.9,1.4,2.5,15.5,,smithja05
58,Naji Marshall,28,DAL,SF,71,44,29.7,5.7,11.1,.516,0.9,2.9,.295,4.9,8.2,.595,.555,3.1,4.1,.764,0.9,3.8,4.7,3.3,1.1,0.1,1.6,1.9,15.5,,marshna01
59,Onyeka Okongwu,25,ATL,C,70,59,31.1,5.7,11.7,.482,2.0,5.2,.379,3.7,6.5,.566,.567,2.1,2.7,.755,1.9,5.8,7.7,3.2,1.2,1.1,1.8,3.4,15.4,,okongon01
60,Anthony Black,22,ORL,PG,60,40,30.7,5.5,12.3,.451,1.6,4.7,.339,3.9,7.6,.521,.516,2.6,3.6,.730,0.7,3.1,3.9,3.8,1.4,0.7,2.1,2.7,15.3,,blackan01
61,Russell Westbrook,37,SAC,SF,64,58,29.0,5.6,13.1,.427,2.0,5.9,.338,3.6,7.2,.500,.503,2.0,2.9,.694,1.3,4.2,5.4,6.7,1.3,0.2,3.3,2.3,15.2,,westbru01
62,Collin Sexton,27,2TM,SG,62,17,23.1,5.1,10.5,.490,1.6,4.1,.399,3.5,6.4,.548,.568,3.2,3.8,.859,0.5,1.6,2.0,3.3,1.0,0.2,2.0,2.0,15.2,,sextoco01
63,Jaime Jaquez Jr.,24,MIA,SF,70,1,28.2,6.0,12.1,.497,0.7,2.4,.303,5.3,9.7,.544,.527,2.3,3.0,.763,1.3,3.8,5.1,4.7,0.7,0.3,2.0,1.9,15.0,,jaqueja01
64,Jaden McDaniels,25,MIN,PF,71,71,31.9,5.6,10.9,.518,1.4,3.4,.421,4.2,7.5,.562,.584,2.1,2.5,.839,1.0,3.2,4.2,2.7,1.1,1.0,1.8,3.4,14.8,,mcdanja02
65,Mikal Bridges,29,NYK,SF,77,77,33.4,5.9,12.0,.489,2.0,5.3,.375,3.9,6.7,.578,.571,1.0,1.2,.824,1.0,2.9,3.9,3.8,1.3,0.8,1.1,2.0,14.7,,bridgmi01
66,Ayo Dosunmu,26,2TM,SG,64,15,26.8,5.5,10.6,.519,1.8,4.0,.446,3.7,6.6,.564,.604,1.8,2.0,.862,0.7,2.7,3.4,3.7,0.8,0.3,1.3,1.9,14.6,,dosunay01
67,Brice Sensabaugh,22,UTA,SF,71,19,23.2,5.2,11.2,.460,2.1,5.8,.363,3.1,5.4,.564,.554,2.1,2.5,.822,0.8,2.3,3.1,1.8,0.7,0.2,1.5,1.9,14.5,,sensabr01
68,Anfernee Simons,26,2TM,SG,55,5,24.9,5.2,11.8,.440,2.7,6.9,.385,2.5,4.9,.517,.552,1.3,1.4,.896,0.6,1.9,2.5,2.4,0.5,0.1,1.2,1.7,14.3,,simonan01
69,P.J. Washington,27,DAL,PF,55,52,31.0,5.3,11.8,.448,1.3,4.1,.320,3.9,7.6,.517,.504,2.3,3.3,.687,1.5,5.5,7.1,1.8,1.0,1.1,1.7,2.1,14.1,,washipj01
70,Devin Vassell,25,SAS,SG,61,59,30.4,4.9,11.3,.438,2.5,6.4,.389,2.4,4.8,.503,.549,1.6,2.0,.810,0.5,3.3,3.9,2.5,0.9,0.4,0.9,1.6,14.0,,vassede01
71,Quentin Grimes,25,PHI,SG,69,19,30.0,4.6,10.2,.453,1.8,5.2,.334,2.9,4.9,.579,.539,2.8,3.3,.837,0.7,3.1,3.7,3.4,0.9,0.4,1.9,2.0,13.7,,grimequ01
72,Tim Hardaway Jr.,33,DEN,SG,76,5,26.7,4.4,9.8,.450,2.8,6.9,.410,1.6,2.9,.545,.595,2.0,2.5,.812,0.2,2.4,2.6,1.3,0.5,0.1,0.6,1.2,13.7,,hardati02
73,Reed Sheppard,21,HOU,SG,76,17,26.4,5.0,11.6,.431,2.8,7.0,.394,2.2,4.6,.487,.550,0.9,1.1,.807,0.4,2.6,2.9,3.4,1.5,0.7,1.6,2.1,13.7,,sheppre01
74,Bobby Portis,30,MIL,PF,67,9,24.2,5.5,11.2,.488,2.0,4.4,.456,3.4,6.8,.509,.578,0.7,1.0,.706,1.3,5.1,6.4,1.6,0.6,0.2,1.0,1.6,13.7,,portibo01
75,Naz Reid,26,MIN,C,72,2,26.1,5.1,11.2,.459,2.1,5.8,.365,3.0,5.4,.561,.554,1.2,1.6,.730,1.2,5.1,6.3,2.3,1.0,1.0,1.6,2.5,13.6,,reidna01
76,John Collins,28,LAC,PF,63,53,27.5,5.3,9.4,.557,1.3,3.2,.411,3.9,6.2,.633,.627,1.7,2.2,.777,1.5,3.7,5.2,1.0,0.9,0.8,1.3,2.8,13.5,,collijo01
77,Ace Bailey,19,UTA,SF,68,57,27.4,5.3,12.1,.442,1.9,5.4,.351,3.4,6.7,.517,.521,0.9,1.2,.771,1.5,2.6,4.1,1.8,0.8,0.6,1.4,2.7,13.5,,baileac01
78,Tre Jones,26,CHI,PG,59,35,27.0,5.0,9.2,.550,0.6,1.9,.322,4.4,7.2,.612,.584,2.7,3.3,.830,0.6,2.5,3.1,5.4,1.2,0.2,1.4,1.4,13.4,,jonestr01
79,Cedric Coward,22,MEM,SG,59,44,25.9,4.8,10.4,.464,1.5,4.4,.333,3.4,6.0,.559,.534,2.3,2.7,.847,1.4,4.6,5.9,2.8,0.6,0.4,1.7,2.0,13.4,,cowarce01
80,Brandin Podziemski,22,GSW,SG,76,37,28.3,4.7,10.4,.449,1.8,5.0,.369,2.8,5.4,.522,.537,2.2,2.8,.779,0.9,4.4,5.3,3.8,1.1,0.2,1.6,1.7,13.3,,podzibr01
81,Tobias Harris,33,DET,PF,58,58,28.3,4.9,10.7,.461,1.3,3.7,.349,3.7,7.0,.520,.521,2.2,2.5,.870,0.9,4.4,5.2,2.6,0.9,0.4,1.0,1.7,13.3,,harrito02
82,Kyle Kuzma,30,MIL,PF,66,41,26.3,5.0,10.1,.491,1.2,3.5,.343,3.8,6.6,.570,.551,2.0,2.8,.724,0.8,3.7,4.6,2.6,0.7,0.4,1.6,2.0,13.2,,kuzmaky01
83,Jaylon Tyson,23,CLE,SG,64,40,27.0,5.0,10.0,.496,2.0,4.5,.455,2.9,5.5,.530,.598,1.2,1.6,.743,1.8,3.3,5.1,2.2,0.8,0.4,1.5,2.5,13.1,,tysonja01
84,Toumani Camara,25,POR,PF,77,77,33.1,4.7,10.7,.437,2.6,7.1,.363,2.1,3.6,.583,.557,1.2,1.7,.701,1.6,3.6,5.2,2.5,1.1,0.4,1.8,2.9,13.1,,camarto01
85,Collin Gillespie,26,PHO,PG,75,56,28.9,4.5,10.7,.423,3.0,7.3,.409,1.5,3.4,.453,.563,1.0,1.1,.871,1.1,3.0,4.1,4.8,1.3,0.2,1.6,1.7,13.1,,gilleco01
86,Keldon Johnson,26,SAS,SF,76,0,23.3,5.0,9.5,.528,1.2,3.3,.381,3.8,6.3,.604,.593,1.8,2.2,.793,1.6,3.7,5.3,1.4,0.6,0.1,0.9,2.0,13.0,,johnske04
87,Jeremiah Fears,19,NOP,PG,76,45,24.9,4.9,11.5,.426,1.1,3.4,.332,3.8,8.1,.467,.476,2.0,2.6,.782,0.7,2.8,3.5,3.3,1.1,0.3,2.2,1.8,13.0,,fearsje01
88,Brandon Williams,26,DAL,PG,64,15,22.1,4.4,9.3,.471,0.6,2.4,.238,3.8,6.9,.550,.501,3.5,4.5,.794,0.5,2.5,2.9,3.8,0.9,0.3,1.9,1.6,12.9,,willibr03
89,Malik Monk,27,SAC,SG,59,3,22.5,4.5,10.5,.434,2.0,5.2,.392,2.5,5.3,.474,.531,1.6,1.8,.879,0.3,1.7,1.9,3.1,0.6,0.4,1.4,1.7,12.7,,monkma01
90,Jaylen Wells,22,MEM,SG,69,69,26.4,4.4,10.1,.431,1.9,5.3,.353,2.5,4.8,.517,.524,1.9,2.5,.784,0.9,2.3,3.2,1.6,0.9,0.1,1.1,2.1,12.5,,wellsja01
91,Donte DiVincenzo,29,MIN,SG,75,75,30.9,4.2,10.3,.411,3.0,7.9,.385,1.2,2.4,.497,.558,1.0,1.3,.760,0.9,3.4,4.3,4.0,1.3,0.4,1.5,2.4,12.5,,divindo01
92,Deandre Ayton,27,LAL,C,66,66,27.4,5.6,8.3,.675,0.0,0.0,,5.6,8.3,.675,.675,1.2,1.9,.630,2.6,5.7,8.3,0.8,0.6,1.0,1.2,2.2,12.4,,aytonde01
93,Noah Clowney,21,BRK,PF,65,59,27.1,3.8,9.6,.394,2.0,6.0,.331,1.8,3.6,.500,.498,2.7,3.4,.800,0.8,3.3,4.1,1.6,0.8,0.7,1.5,2.5,12.3,,clownno01
94,Tre Johnson,19,WAS,SG,59,41,24.0,4.5,10.7,.420,1.9,5.4,.361,2.6,5.4,.478,.509,1.3,1.5,.874,0.5,2.3,2.8,2.0,0.6,0.3,1.5,2.0,12.2,,johnstr03
95,Max Christie,22,DAL,SG,71,62,29.4,4.2,9.5,.442,2.3,5.8,.403,1.9,3.7,.502,.565,1.5,1.6,.889,0.2,3.1,3.3,2.0,0.6,0.3,1.3,1.4,12.2,,chrisma02
96,Josh Hart,30,NYK,SF,62,48,30.2,4.6,9.1,.506,1.5,3.7,.409,3.1,5.4,.573,.590,1.4,1.9,.726,1.5,6.0,7.5,4.9,1.2,0.3,1.9,2.5,12.2,,hartjo01
97,Moses Moody,23,GSW,SG,60,49,25.7,4.1,9.3,.440,2.5,6.3,.401,1.6,3.0,.522,.575,1.5,1.9,.770,0.9,2.5,3.3,1.6,1.0,0.6,1.0,2.0,12.1,,moodymo01
98,Donovan Clingan,21,POR,C,72,72,27.2,4.6,8.9,.520,1.0,3.1,.330,3.6,5.8,.623,.578,1.8,2.7,.673,4.5,7.1,11.6,2.1,0.6,1.7,1.3,2.3,12.1,,clingdo01
99,Duncan Robinson,31,DET,SF,72,72,27.6,4.0,9.0,.447,2.9,7.0,.407,1.2,2.0,.586,.605,1.1,1.4,.755,0.4,2.3,2.7,2.1,0.6,0.3,0.7,2.2,12.0,,robindu01
100,Maxime Raynaud,22,SAC,C,69,51,26.1,5.0,8.8,.565,0.3,0.9,.302,4.7,7.9,.595,.580,1.7,2.1,.782,1.9,5.4,7.3,1.3,0.5,0.5,1.2,2.4,11.9,,raynama01
101,Myles Turner,29,MIL,C,68,68,27.1,4.0,9.1,.439,2.1,5.5,.387,1.9,3.6,.516,.555,1.8,2.5,.743,1.0,4.3,5.3,1.5,0.7,1.6,1.2,2.6,11.9,,turnemy01
102,Dyson Daniels,22,ATL,SG,72,72,33.2,5.3,10.2,.518,0.3,1.5,.176,5.0,8.7,.577,.531,1.0,1.6,.623,2.4,4.4,6.8,5.9,1.9,0.4,1.8,2.1,11.9,,daniedy01
103,Wendell Carter Jr.,26,ORL,C,72,72,29.5,4.2,8.2,.513,1.0,3.0,.319,3.3,5.2,.623,.571,2.4,3.0,.798,2.1,5.4,7.5,2.0,0.8,0.6,1.3,3.4,11.8,,cartewe01
104,Nic Claxton,26,BRK,C,68,67,27.9,4.8,8.4,.569,0.0,0.3,.167,4.8,8.2,.582,.572,2.0,3.3,.612,2.5,4.5,7.0,3.7,0.7,1.1,1.4,2.3,11.7,,claxtni01
105,Klay Thompson,35,DAL,SF,65,8,21.8,4.1,10.5,.393,2.9,7.6,.386,1.2,2.9,.410,.532,0.5,0.7,.756,0.3,1.9,2.1,1.4,0.5,0.3,0.9,1.0,11.7,,thompkl01
106,Isaiah Collier,21,UTA,PG,59,19,25.7,4.3,8.7,.495,0.5,1.7,.270,3.9,7.0,.549,.521,2.6,3.5,.722,0.4,2.2,2.5,7.2,1.1,0.3,2.5,2.3,11.7,,colliis01
107,Dylan Harper,19,SAS,SG,63,2,22.3,4.7,9.4,.500,0.8,2.6,.321,3.9,6.8,.569,.545,1.3,1.8,.748,0.7,2.6,3.4,3.9,0.8,0.3,1.4,2.0,11.6,,harpedy01
108,Mark Williams,24,PHO,C,56,52,23.6,4.7,7.4,.633,0.0,0.0,1.000,4.6,7.3,.633,.635,2.2,2.9,.767,3.1,5.0,8.1,1.0,0.9,0.9,1.1,2.2,11.6,,willima07
109,Jarace Walker,22,IND,PF,73,38,25.6,4.0,9.5,.421,1.7,4.6,.376,2.3,4.9,.465,.513,1.8,2.4,.753,0.6,4.5,5.1,2.4,0.8,0.3,1.8,1.7,11.5,,walkeja02
110,Derik Queen,21,NOP,C,75,45,24.4,4.3,9.0,.475,0.3,1.1,.275,4.0,7.9,.503,.492,2.6,3.3,.787,1.6,5.2,6.8,3.6,0.9,0.9,2.3,2.6,11.4,,queende01
111,Pelle Larsson,24,MIA,SG,66,51,26.4,3.9,7.8,.498,0.9,2.7,.326,3.0,5.1,.589,.554,2.6,3.3,.795,1.0,2.5,3.5,3.4,0.7,0.2,1.4,2.1,11.3,,larsspe01
112,Kyle Filipowski,22,UTA,C,74,38,23.2,4.1,8.2,.498,1.0,2.9,.340,3.1,5.3,.584,.558,2.1,2.8,.750,1.8,5.3,7.1,2.5,1.0,0.5,1.6,2.9,11.3,,filipky01
113,Sandro Mamukelashvili,26,TOR,C,74,13,21.9,4.2,8.0,.524,1.4,3.7,.385,2.8,4.3,.644,.613,1.4,1.9,.743,1.4,3.5,4.9,1.9,0.8,0.6,0.8,1.9,11.2,,mamuksa01
114,Julian Champagnie,24,SAS,SF,76,62,27.6,3.7,8.4,.436,2.4,6.4,.383,1.2,2.0,.604,.582,1.4,1.7,.845,0.9,4.9,5.7,1.5,0.8,0.4,0.9,1.6,11.2,,champju02
115,Rui Hachimura,27,LAL,PF,62,36,28.3,4.4,8.6,.510,1.7,3.9,.436,2.7,4.7,.572,.609,0.7,1.0,.733,0.6,2.6,3.2,0.8,0.5,0.3,0.6,1.6,11.2,,hachiru01
116,Rudy Gobert,33,MIN,C,72,72,31.4,4.5,6.5,.693,0.0,0.1,.000,4.5,6.4,.699,.693,2.2,4.1,.527,3.9,7.5,11.5,1.7,0.8,1.7,1.4,2.6,11.1,,goberru01
117,Cam Spencer,25,MEM,SG,71,19,23.8,3.7,7.8,.472,2.0,4.5,.447,1.6,3.2,.507,.603,1.8,1.9,.940,0.6,2.0,2.6,5.5,0.7,0.2,1.3,1.4,11.1,,spencca01
118,Kel'el Ware,21,MIA,C,72,32,22.1,4.4,8.4,.526,1.1,3.0,.380,3.3,5.4,.605,.593,1.0,1.3,.761,2.9,6.1,9.0,0.7,0.8,1.0,0.8,1.6,10.9,,wareke01
119,Dennis Schröder,32,2TM,PG,65,16,24.6,3.6,9.1,.400,1.1,3.4,.327,2.5,5.7,.444,.461,2.4,2.9,.827,0.4,2.3,2.7,4.8,0.8,0.2,1.8,1.5,10.8,,schrode01
120,Isaiah Joe,26,OKC,SG,67,9,21.5,3.4,7.6,.440,2.4,6.0,.408,0.9,1.7,.559,.600,1.6,1.7,.889,0.5,2.1,2.6,1.4,0.7,0.2,0.6,1.7,10.7,,joeis01
121,Khris Middleton,34,2TM,SF,57,46,23.5,3.8,8.9,.424,1.1,3.0,.357,2.7,5.9,.457,.483,1.9,2.2,.867,0.9,3.0,3.8,2.9,0.7,0.2,1.8,2.4,10.6,,middlkh01
122,Jock Landale,30,2TM,C,68,27,22.1,4.1,8.1,.515,1.1,2.8,.383,3.1,5.2,.586,.582,1.2,1.9,.635,2.7,3.0,5.7,1.7,0.5,0.5,0.9,2.2,10.6,,landajo01
123,Tari Eason,24,HOU,PF,54,33,26.0,4.0,9.7,.410,1.6,4.4,.366,2.4,5.3,.448,.493,0.8,1.1,.750,2.1,4.2,6.3,1.5,1.2,0.5,1.4,2.3,10.4,,easonta01
124,Ziaire Williams,24,BRK,SF,55,13,22.9,3.3,7.7,.430,1.5,4.5,.343,1.8,3.2,.554,.531,2.1,2.5,.853,0.5,1.8,2.4,1.0,1.4,0.4,1.1,2.1,10.3,,willizi02
125,Marvin Bagley III,26,2TM,PF,56,10,20.0,4.2,6.8,.616,0.3,0.8,.452,3.8,6.0,.637,.642,1.6,2.5,.652,2.5,3.6,6.1,1.4,0.5,0.7,1.1,2.1,10.3,,baglema01
126,Bub Carrington,20,WAS,PG,76,42,27.6,3.6,8.8,.417,2.0,4.9,.396,1.7,3.8,.443,.529,1.0,1.4,.728,0.4,3.0,3.5,4.6,0.6,0.2,2.3,2.3,10.2,,carrica01
127,Harrison Barnes,33,SAS,PF,71,52,26.1,3.4,7.6,.450,1.9,4.8,.387,1.6,2.8,.557,.572,1.4,1.6,.828,0.8,2.1,2.9,2.0,0.7,0.2,0.8,1.1,10.1,,barneha02
128,Isaiah Stewart,24,DET,C,55,13,23.1,3.8,7.0,.541,0.7,2.1,.333,3.1,4.9,.632,.592,1.7,2.3,.760,1.7,3.4,5.1,1.2,0.3,1.6,1.1,2.8,10.0,,stewais01
129,Royce O'Neale,32,PHO,SF,73,67,28.9,3.4,8.2,.418,2.8,6.8,.407,0.7,1.4,.475,.588,0.4,0.5,.722,0.8,4.1,4.9,2.8,1.1,0.4,1.4,2.3,10.0,,onealro01
130,Neemias Queta,26,BOS,C,71,70,25.4,4.2,6.5,.641,0.0,0.1,.000,4.2,6.4,.651,.641,1.7,2.4,.698,2.9,5.4,8.4,1.6,0.8,1.3,1.0,2.8,10.0,,quetane01
131,Kevin Huerter,27,2TM,SG,64,13,22.4,3.9,8.6,.451,1.4,4.7,.301,2.5,4.0,.628,.533,0.8,1.0,.761,0.5,3.0,3.5,2.5,0.9,0.5,1.0,1.7,10.0,,huertke01
132,Tristan Da Silva,24,ORL,SF,71,33,24.7,3.6,8.1,.448,1.6,4.2,.379,2.0,3.9,.524,.547,1.1,1.2,.906,0.7,2.9,3.7,1.5,0.9,0.3,0.8,1.5,10.0,,dasiltr01
133,Ausar Thompson,23,DET,SF,67,66,25.9,4.1,8.0,.516,0.1,0.3,.261,4.0,7.7,.527,.521,1.5,2.7,.566,2.1,3.7,5.8,2.9,2.0,0.9,1.5,2.8,9.9,,thompau01
134,Precious Achiuwa,26,SAC,C,68,52,23.6,4.3,7.9,.537,0.4,1.3,.314,3.9,6.6,.580,.562,1.0,1.7,.564,2.4,4.3,6.7,1.3,0.9,0.7,0.8,1.7,9.9,,achiupr01
135,Zaccharie Risacher,20,ATL,SF,63,45,22.9,3.7,8.2,.459,1.5,3.9,.379,2.3,4.2,.534,.551,0.9,1.4,.640,1.0,2.8,3.8,1.1,0.9,0.6,0.9,2.2,9.9,,risacza01
136,Aaron Wiggins,27,OKC,SG,59,19,22.3,3.7,8.5,.433,1.5,4.3,.359,2.2,4.2,.508,.523,0.9,1.2,.743,0.7,2.6,3.2,1.7,0.9,0.4,1.3,1.3,9.8,,wiggiaa01
137,A.J. Green,26,MIL,SG,72,62,28.7,3.2,7.6,.416,2.8,6.8,.408,0.4,0.8,.483,.598,0.7,0.8,.842,0.3,2.3,2.7,1.9,0.5,0.1,0.9,2.3,9.7,,greenaj01
138,Jordan Miller,26,LAC,SF,54,1,21.6,3.4,6.6,.521,0.6,1.8,.326,2.9,4.8,.592,.565,2.3,3.0,.764,0.9,2.1,3.1,2.2,0.8,0.2,1.0,0.9,9.7,,millejo02
139,Will Riley,19,WAS,SF,68,15,21.0,3.4,7.7,.444,1.0,3.1,.332,2.4,4.6,.521,.511,1.8,2.3,.797,0.8,1.9,2.6,1.8,0.6,0.1,1.2,1.1,9.6,,rileywi01
140,Marcus Smart,31,LAL,SG,60,53,28.8,3.1,7.7,.399,1.6,4.8,.336,1.5,3.0,.500,.502,1.7,2.1,.816,0.6,2.2,2.8,2.8,1.4,0.4,1.5,2.6,9.5,,smartma01
141,Jay Huff,27,IND,C,76,45,20.8,3.5,7.3,.477,1.5,4.6,.321,2.0,2.8,.737,.577,1.0,1.2,.819,0.9,3.0,3.8,1.4,0.5,1.8,0.9,2.3,9.4,,huffja01
142,T.J. McConnell,33,IND,PG,56,4,17.2,4.3,8.0,.538,0.3,0.9,.320,4.0,7.1,.565,.556,0.4,0.5,.862,0.4,1.8,2.2,5.1,1.0,0.2,1.1,1.1,9.4,,mccontj01
143,Isaac Okoro,25,CHI,SG,60,59,26.9,3.3,7.3,.456,1.2,3.5,.341,2.1,3.8,.564,.539,1.4,1.8,.789,1.1,1.6,2.7,1.5,0.7,0.5,0.7,2.6,9.3,,okorois01
144,Davion Mitchell,27,MIA,PG,66,66,28.6,3.6,7.5,.482,1.3,3.3,.395,2.3,4.3,.548,.567,0.6,0.9,.672,0.4,2.2,2.7,6.5,1.0,0.2,1.5,2.6,9.2,,mitchda01
145,Sam Hauser,28,BOS,PF,73,44,24.7,3.2,7.7,.414,2.5,6.5,.387,0.7,1.2,.557,.577,0.2,0.3,.842,0.7,3.1,3.8,1.4,0.5,0.3,0.5,1.5,9.1,,hausesa01
146,Jaden Hardy,23,2TM,SG,54,4,15.6,3.2,7.4,.428,1.8,4.5,.393,1.4,2.9,.481,.548,1.0,1.3,.754,0.3,1.3,1.5,0.9,0.3,0.1,1.1,1.5,9.1,,hardyja02
147,Corey Kispert,26,2TM,SF,54,9,18.9,3.2,6.9,.460,1.4,4.1,.350,1.7,2.8,.618,.563,1.3,1.6,.816,0.5,1.9,2.4,1.6,0.3,0.1,0.8,1.1,9.1,,kispeco01
148,Daniss Jenkins,24,DET,PG,66,16,19.6,3.2,7.7,.414,1.0,2.7,.376,2.2,5.0,.434,.480,1.7,2.0,.813,0.7,1.5,2.2,3.6,0.9,0.2,1.5,1.5,9.0,,jenkida01
149,Gui Santos,23,GSW,PF,64,27,20.1,3.3,6.5,.506,1.1,3.2,.356,2.1,3.3,.652,.594,1.2,1.7,.722,1.1,2.8,3.9,2.3,0.9,0.3,1.5,2.0,8.9,,santogu01
150,Danny Wolf,21,BRK,PF,57,15,20.8,3.1,7.7,.405,1.2,3.7,.322,1.9,4.0,.480,.482,1.5,1.9,.771,1.0,3.9,4.9,2.2,0.5,0.6,1.3,2.2,8.9,,wolfda01
151,Jordan Clarkson,33,NYK,SG,67,1,18.1,3.4,7.4,.452,1.0,3.1,.335,2.3,4.3,.536,.522,1.1,1.4,.824,0.8,0.9,1.7,1.3,0.4,0.1,0.9,1.7,8.9,,clarkjo01
152,Day'Ron Sharpe,24,BRK,C,62,7,18.7,3.5,5.7,.601,0.1,0.6,.231,3.3,5.1,.647,.614,1.7,2.5,.678,2.8,3.9,6.7,2.3,1.1,0.4,1.7,2.4,8.7,,sharpda01
153,Jordan Goodwin,27,PHO,PG,66,7,22.7,3.3,8.1,.404,1.6,4.4,.358,1.7,3.7,.459,.501,0.6,0.8,.696,2.0,3.0,4.9,2.2,1.6,0.2,1.0,1.9,8.7,,goodwjo01
154,Draymond Green,35,GSW,PF,63,63,27.4,3.1,7.4,.420,1.5,4.7,.329,1.6,2.8,.575,.523,0.9,1.2,.692,0.8,4.7,5.5,5.3,0.9,0.6,2.7,2.9,8.7,,greendr01
155,Cason Wallace,22,OKC,SG,73,58,26.8,3.3,7.6,.433,1.3,3.7,.343,2.0,3.9,.517,.516,0.7,0.9,.803,0.8,2.2,3.1,2.6,2.0,0.4,1.0,2.0,8.6,,wallaca01
156,Vít Krejčí,25,2TM,PG,64,8,21.7,3.0,6.7,.448,2.0,5.1,.391,1.0,1.5,.636,.599,0.6,0.8,.745,0.5,1.8,2.3,1.6,0.7,0.3,0.6,2.1,8.6,,krejcvi01
157,Justin Champagnie,24,WAS,SF,65,18,19.7,3.3,6.4,.516,0.7,2.2,.324,2.6,4.2,.617,.572,1.2,1.5,.778,2.0,3.4,5.4,1.2,0.8,0.6,0.6,1.6,8.6,,champju01
158,Luguentz Dort,26,OKC,SF,63,63,27.3,2.9,7.7,.377,1.8,5.4,.332,1.1,2.3,.483,.494,0.7,0.9,.759,0.9,2.8,3.7,1.2,0.8,0.4,0.8,2.7,8.3,,dortlu01
159,Jake LaRavia,24,LAL,PF,76,38,24.8,3.0,6.4,.465,1.0,3.0,.323,2.0,3.4,.589,.540,1.4,1.9,.768,1.4,2.4,3.8,1.8,1.2,0.4,1.0,2.3,8.3,,laravja01
160,Simone Fontecchio,30,MIA,SF,68,7,16.6,2.7,6.7,.400,1.7,4.7,.363,1.0,2.1,.486,.526,1.2,1.5,.840,0.8,2.2,3.0,1.4,0.5,0.1,0.7,1.5,8.3,,fontesi01
161,Jared McCain,21,2TM,SG,61,1,17.4,3.0,7.1,.418,1.5,3.8,.393,1.5,3.3,.448,.524,0.8,0.9,.873,0.4,1.7,2.1,1.3,0.5,0.1,0.8,1.2,8.3,,mccaija01
162,Jonas Valančiūnas,33,DEN,C,60,5,13.2,3.3,5.7,.572,0.1,0.3,.300,3.2,5.4,.589,.581,1.6,2.1,.776,1.5,3.4,4.9,1.2,0.2,0.5,1.1,2.0,8.2,,valanjo01
163,Brook Lopez,37,LAC,C,69,34,21.4,3.0,7.0,.427,1.5,4.2,.359,1.5,2.8,.528,.534,0.7,1.0,.773,0.5,2.9,3.4,1.3,0.6,1.2,0.8,1.9,8.2,,lopezbr01
164,Cody Williams,21,UTA,SG,62,36,23.4,3.3,7.0,.475,0.4,1.8,.228,2.9,5.2,.563,.505,1.1,1.6,.701,0.9,1.9,2.8,1.8,0.7,0.4,1.0,1.9,8.2,,willico04
165,Gary Trent Jr.,27,MIL,SG,64,21,21.2,2.8,7.2,.390,1.9,5.2,.368,0.9,2.0,.449,.524,0.6,0.8,.765,0.1,0.9,1.0,1.2,0.5,0.0,0.6,1.3,8.2,,trentga02
166,Luke Kennard,29,2TM,SG,72,1,21.0,2.9,5.4,.545,1.6,3.2,.491,1.4,2.2,.623,.690,0.7,0.8,.926,0.4,1.8,2.2,1.9,0.6,0.1,0.7,1.3,8.1,,kennalu01
167,Ron Holland,20,DET,SF,72,5,19.9,3.0,6.9,.429,0.6,2.5,.226,2.4,4.4,.542,.470,1.6,2.0,.806,1.1,3.0,4.1,1.3,1.2,0.3,1.3,2.3,8.1,,hollaro01
168,Moussa Diabaté,24,CHO,C,68,42,26.0,3.2,5.1,.628,0.0,0.0,.500,3.2,5.1,.629,.630,1.6,2.5,.659,3.8,5.0,8.8,1.9,0.8,1.0,1.0,2.4,8.1,,diabamo01
169,Bones Hyland,25,MIN,PG,66,3,16.0,2.9,6.3,.457,1.5,3.9,.382,1.4,2.3,.581,.576,0.8,1.0,.783,0.3,1.3,1.6,2.6,0.6,0.2,0.9,1.7,8.0,,hylanbo01
170,Dominick Barlow,22,PHI,PF,65,58,23.9,3.1,5.7,.544,0.3,1.2,.266,2.8,4.5,.619,.572,1.3,1.9,.711,1.9,2.8,4.7,1.3,0.9,0.7,0.8,2.1,7.9,,barlodo01
171,Nique Clifford,23,SAC,SG,70,23,24.2,3.0,7.5,.407,1.0,3.0,.329,2.1,4.5,.459,.472,0.8,1.1,.692,0.9,2.7,3.6,2.2,0.9,0.3,1.4,2.1,7.8,,cliffni01
172,Bruce Brown,29,DEN,SG,77,2,24.5,3.0,6.3,.472,0.7,1.8,.391,2.3,4.5,.504,.528,1.2,1.5,.761,1.0,2.8,3.8,2.1,1.0,0.2,1.1,2.4,7.8,,brownbr01
173,Luka Garza,27,BOS,C,66,5,15.9,2.9,4.9,.583,0.8,1.8,.441,2.1,3.1,.665,.664,1.3,1.7,.764,2.2,1.7,3.9,0.9,0.4,0.4,0.7,2.3,7.8,,garzalu01
174,Ryan Kalkbrenner,24,CHO,C,63,30,21.5,3.3,4.3,.751,0.0,0.1,.000,3.3,4.3,.765,.751,1.2,1.7,.700,2.4,3.0,5.5,0.8,0.5,1.4,0.9,1.6,7.7,,kalkbry01
175,Quinten Post,25,GSW,PF,67,35,17.3,2.9,6.6,.440,1.4,4.1,.336,1.5,2.4,.617,.546,0.5,0.6,.791,1.0,3.0,4.0,1.4,0.4,0.5,0.8,1.9,7.7,,postqu01
176,Paul Reed,26,DET,C,59,9,13.7,3.1,5.2,.599,0.2,0.6,.333,2.9,4.5,.634,.618,1.1,1.7,.657,2.0,2.4,4.4,1.2,0.9,0.9,0.9,1.8,7.5,,reedpa01
177,Walter Clayton,22,2TM,PG,66,4,20.3,2.5,6.5,.377,1.0,3.5,.294,1.4,3.1,.470,.455,1.5,1.7,.895,0.3,1.7,2.0,4.0,0.7,0.3,1.7,1.8,7.5,,claytwa01
178,Caris LeVert,31,DET,SG,55,0,19.5,2.8,6.6,.418,1.0,3.1,.327,1.7,3.5,.497,.495,0.9,1.3,.676,0.4,1.6,2.0,2.7,0.9,0.7,1.4,1.6,7.5,,leverca01
179,Kris Dunn,31,LAC,PG,76,63,27.4,2.8,5.9,.480,1.0,2.6,.379,1.8,3.3,.560,.564,0.8,1.0,.772,0.7,2.6,3.3,3.6,1.6,0.2,1.3,2.3,7.4,,dunnkr01
180,Jaylin Williams,23,OKC,PF,61,11,20.0,2.4,5.6,.424,1.5,4.1,.379,0.8,1.5,.543,.562,1.1,1.4,.793,0.5,5.0,5.6,2.4,0.5,0.7,1.1,2.0,7.4,,willija07
181,Gary Payton II,33,GSW,SG,67,1,15.3,3.2,5.6,.577,0.6,1.8,.308,2.7,3.8,.703,.626,0.3,0.5,.588,1.3,2.2,3.6,1.7,0.9,0.3,0.9,1.8,7.3,,paytoga02
182,Jose Alvarado,27,2TM,PG,66,2,19.8,2.7,6.4,.415,1.5,4.1,.352,1.2,2.3,.530,.528,0.5,0.6,.800,0.4,2.1,2.4,3.3,0.9,0.1,1.1,1.9,7.3,,alvarjo01
183,Jaxson Hayes,25,LAL,C,64,9,18.1,2.9,3.9,.751,0.0,0.0,1.000,2.9,3.8,.748,.757,1.3,2.1,.634,1.5,2.7,4.2,0.9,0.5,0.8,0.4,1.9,7.2,,hayesja02
184,Ja'Kobe Walter,21,TOR,SG,66,16,19.8,2.4,5.4,.443,1.4,3.6,.398,1.0,1.9,.528,.574,1.0,1.2,.821,0.8,1.7,2.5,1.2,1.0,0.2,0.5,2.2,7.2,,walteja01
185,Terance Mann,29,BRK,SG,62,50,24.3,2.7,5.9,.455,0.9,2.4,.358,1.8,3.4,.524,.529,1.0,1.3,.788,1.1,2.1,3.2,3.0,0.7,0.2,1.1,2.5,7.2,,mannte01
186,Taylor Hendricks,22,2TM,PF,56,14,18.9,2.7,5.9,.450,1.0,3.1,.331,1.7,2.9,.578,.536,0.8,1.2,.662,1.1,2.6,3.7,0.9,0.8,0.5,0.9,1.6,7.2,,hendrta01
187,Ben Sheppard,24,IND,SG,64,19,21.3,2.6,5.9,.437,1.3,3.6,.362,1.3,2.4,.550,.546,0.6,0.8,.755,0.7,2.3,3.0,1.8,0.6,0.1,0.6,1.8,7.1,,sheppbe01
188,Pat Spencer,29,GSW,PG,60,12,18.2,2.8,6.4,.429,0.9,2.4,.354,1.9,4.0,.473,.495,0.7,0.9,.774,0.8,1.7,2.4,3.5,0.8,0.1,1.3,1.2,7.0,,spencpa01
189,Kobe Sanders,23,LAC,SG,62,16,19.9,2.5,5.5,.462,1.1,2.8,.409,1.4,2.8,.515,.564,0.7,0.9,.811,0.4,1.9,2.3,1.6,0.7,0.1,1.3,2.1,6.9,,sandeko01
190,Javonte Green,32,DET,SG,76,6,17.7,2.3,5.1,.445,1.1,3.0,.373,1.1,2.1,.551,.556,1.3,1.5,.833,0.8,2.0,2.7,0.7,1.3,0.3,0.6,1.4,6.9,,greenja02
191,Will Richard,23,GSW,SG,65,21,20.5,2.5,5.2,.478,1.1,3.2,.345,1.4,2.0,.684,.583,0.7,0.8,.852,1.0,1.6,2.6,1.4,1.2,0.1,0.8,2.0,6.8,,richawi02
192,Isaiah Jackson,24,2TM,C,55,14,16.5,2.7,4.3,.637,0.0,0.1,.000,2.7,4.3,.645,.637,1.2,1.9,.648,2.1,3.2,5.3,0.9,0.7,0.9,1.1,2.7,6.7,,jacksis01
193,Jamal Shead,23,TOR,PG,76,11,22.5,2.3,6.2,.366,1.0,3.2,.317,1.2,2.9,.420,.449,1.1,1.4,.776,0.3,1.5,1.8,5.4,1.0,0.2,1.3,2.0,6.6,,sheadja01
194,Patrick Williams,24,CHI,PF,66,4,19.6,2.3,6.3,.371,1.3,3.6,.349,1.1,2.7,.400,.470,0.7,1.0,.677,0.7,2.1,2.8,1.3,0.6,0.3,1.0,1.3,6.6,,willipa01
195,Luke Kornet,30,SAS,C,63,23,21.0,2.6,4.0,.642,0.0,0.0,,2.6,4.0,.642,.642,1.4,1.7,.815,2.7,3.4,6.2,1.8,0.4,1.0,0.4,1.8,6.6,,kornelu01
196,Oso Ighodaro,23,PHO,PF,76,22,22.2,2.9,4.5,.654,0.0,0.0,.000,2.9,4.5,.656,.654,0.7,1.5,.459,1.7,3.4,5.0,2.3,0.9,0.6,1.3,2.7,6.5,,ighodos01
197,Keon Ellis,26,2TM,SG,67,9,20.2,2.3,5.2,.438,1.3,3.4,.364,1.0,1.8,.585,.559,0.7,1.0,.723,0.5,1.3,1.8,0.9,1.2,0.7,0.6,1.9,6.5,,elliske01
198,Andre Drummond,32,PHI,C,57,24,19.5,2.5,5.4,.469,0.5,1.5,.361,2.0,3.9,.509,.518,0.8,1.3,.627,3.1,5.2,8.4,1.2,0.6,0.8,1.0,2.0,6.4,,drumman01
199,Drake Powell,20,BRK,SG,58,20,20.3,2.2,5.3,.419,0.8,2.8,.301,1.4,2.5,.552,.498,1.1,1.2,.910,0.4,1.4,1.7,1.4,0.5,0.2,0.9,1.4,6.3,,poweldr01
200,Ryan Nembhard,22,DAL,PG,55,23,18.6,2.5,6.2,.413,0.8,2.2,.377,1.7,3.9,.433,.481,0.4,0.5,.769,0.2,1.7,1.9,4.9,0.4,0.0,1.4,1.3,6.3,,nembhry01
201,Gradey Dick,22,TOR,SG,70,1,14.8,2.2,5.2,.417,0.8,2.6,.301,1.4,2.6,.533,.492,1.0,1.2,.880,0.5,1.5,2.0,0.7,0.6,0.1,0.6,1.4,6.2,,dickgr01
202,Justin Edwards,22,PHI,SF,59,12,15.4,2.3,5.0,.452,1.1,2.8,.369,1.2,2.1,.563,.558,0.6,0.7,.846,0.4,1.1,1.5,1.3,0.8,0.2,0.6,1.5,6.1,,edwarju01
203,Thomas Bryant,28,CLE,C,58,0,11.9,2.2,4.4,.500,0.8,2.2,.349,1.4,2.2,.646,.586,0.9,1.1,.803,1.0,2.3,3.3,0.5,0.3,0.4,0.5,1.2,6.1,,bryanth01
204,Ryan Dunn,23,PHO,SF,65,14,19.6,2.4,5.3,.452,0.8,2.5,.335,1.6,2.8,.554,.530,0.3,0.6,.476,1.5,2.8,4.3,1.4,0.9,0.4,0.8,2.0,5.9,,dunnry01
205,Dean Wade,29,CLE,PF,57,36,22.4,2.1,4.8,.432,1.2,3.4,.354,0.9,1.4,.617,.557,0.5,0.7,.711,0.9,3.3,4.2,1.5,0.8,0.4,0.3,1.6,5.8,,wadede01
206,Karlo Matković,24,NOP,PF,62,2,14.7,2.3,3.8,.604,0.6,1.5,.422,1.7,2.3,.717,.685,0.5,0.7,.732,1.2,2.5,3.7,0.8,0.4,0.9,0.5,1.7,5.7,,matkoka01
207,Dru Smith,28,MIA,SG,69,1,16.4,1.9,4.6,.416,0.6,1.8,.302,1.4,2.8,.490,.475,1.2,1.5,.825,0.9,1.6,2.5,2.6,1.4,0.3,0.8,1.6,5.6,,smithdr01
208,Goga Bitadze,26,ORL,C,58,3,14.9,2.3,3.3,.675,0.0,0.2,.182,2.2,3.2,.705,.680,1.0,1.5,.698,2.0,2.7,4.7,1.3,0.6,0.9,0.6,2.1,5.6,,bitadgo01
209,Rob Dillingham,21,2TM,PG,59,0,13.9,2.2,5.9,.382,0.6,1.8,.311,1.7,4.1,.413,.429,0.5,0.7,.769,0.3,1.5,1.7,2.2,0.7,0.1,1.3,1.7,5.5,,dilliro01
210,Jett Howard,22,ORL,SF,54,0,12.8,1.9,4.6,.416,1.0,2.7,.372,0.9,1.9,.476,.524,0.7,0.7,.949,0.4,1.2,1.6,0.8,0.2,0.2,0.3,1.2,5.5,,howarje01
211,Nae'Qwan Tomlin,25,CLE,PF,60,2,15.2,2.2,4.8,.470,0.4,1.7,.204,1.9,3.0,.621,.507,0.7,0.9,.750,1.2,1.4,2.7,0.8,0.7,0.5,0.4,1.9,5.5,,tomlina01
212,Yves Missi,21,NOP,C,63,12,19.3,2.3,4.3,.536,0.0,0.0,.000,2.3,4.3,.538,.536,0.8,1.5,.558,2.7,3.0,5.7,1.3,0.3,1.5,0.8,1.7,5.5,,missiyv01
213,Spencer Jones,24,DEN,SF,64,37,22.1,2.1,4.1,.504,0.9,2.3,.396,1.2,1.8,.636,.613,0.5,0.8,.608,1.2,2.1,3.3,0.8,0.8,0.5,0.5,2.7,5.5,,jonessp01
214,Guerschon Yabusele,30,2TM,C,63,15,14.4,1.8,4.5,.409,1.0,2.8,.364,0.8,1.7,.486,.523,0.8,1.1,.743,0.8,2.5,3.3,0.9,0.4,0.2,0.6,1.2,5.5,,yabusgu01
215,Mitchell Robinson,27,NYK,C,57,15,19.5,2.4,3.3,.714,0.0,0.0,,2.4,3.3,.714,.714,0.7,1.7,.392,4.2,4.5,8.7,0.9,0.9,1.1,0.7,2.1,5.4,,robinmi01
216,Sidy Cissoko,21,POR,SF,70,26,20.1,1.9,4.7,.399,0.8,2.8,.304,1.0,1.9,.537,.489,0.8,1.2,.651,0.9,1.5,2.3,1.5,0.7,0.4,1.0,2.6,5.4,,cissosi01
217,Kobe Brown,26,2TM,PF,56,5,14.6,1.9,4.1,.472,0.8,2.1,.364,1.2,2.0,.586,.566,0.8,0.9,.808,1.0,1.7,2.8,1.2,0.3,0.2,0.8,1.1,5.4,,brownko01
218,Sion James,23,CHO,SG,76,19,22.6,1.6,4.3,.376,1.0,2.7,.365,0.6,1.6,.393,.491,1.1,1.3,.842,0.6,2.8,3.4,2.0,0.6,0.3,0.8,1.8,5.3,,jamessi01
219,Jordan Walsh,21,BOS,PF,62,22,17.7,2.0,3.8,.511,0.7,1.7,.393,1.3,2.1,.608,.599,0.6,0.9,.755,1.3,2.8,4.1,0.8,0.7,0.5,0.5,2.0,5.2,,walshjo01
220,Baylor Scheierman,25,BOS,SG,71,19,18.1,1.8,4.0,.451,1.1,2.9,.389,0.7,1.1,.615,.593,0.3,0.3,.864,0.8,2.7,3.5,1.5,0.5,0.1,0.6,1.4,5.0,,scheiba01
221,Ochai Agbaji,25,2TM,SG,61,13,15.7,1.9,4.4,.435,0.5,2.0,.258,1.4,2.4,.586,.494,0.6,0.7,.837,0.7,1.5,2.2,0.7,0.4,0.3,0.5,1.5,5.0,,agbajoc01
222,Adem Bona,22,PHI,C,66,15,17.5,1.8,3.1,.592,0.0,0.1,.333,1.8,3.0,.600,.597,1.2,1.7,.706,1.8,2.6,4.4,0.4,0.4,1.2,0.8,2.2,4.9,,bonaad01
223,Josh Okogie,27,HOU,SG,72,29,17.3,1.7,3.8,.436,0.8,2.1,.397,0.8,1.7,.484,.546,0.5,0.9,.571,1.0,1.5,2.5,0.8,0.8,0.2,0.5,1.4,4.6,,okogijo01
224,Mouhamed Gueye,23,ATL,PF,73,8,15.4,1.7,3.8,.452,0.5,1.7,.306,1.2,2.1,.568,.520,0.5,0.8,.639,1.2,2.4,3.6,0.9,0.8,0.5,0.5,1.7,4.5,,gueyemo02
225,Jericho Sims,27,MIL,C,61,16,18.7,2.0,2.5,.793,0.0,0.0,,2.0,2.5,.793,.793,0.5,0.8,.627,2.0,3.3,5.3,1.2,0.2,0.2,1.1,2.0,4.4,,simsje01
226,Jarred Vanderbilt,26,LAL,PF,59,3,17.6,1.7,3.7,.463,0.5,1.5,.303,1.2,2.2,.575,.525,0.5,0.9,.627,1.3,3.2,4.5,1.2,0.8,0.3,0.8,1.7,4.4,,vandeja01
227,Jabari Walker,23,PHI,PF,61,6,12.2,1.5,3.4,.448,0.5,1.5,.330,1.0,1.9,.543,.521,0.8,1.0,.750,1.1,1.9,3.1,0.5,0.4,0.2,0.4,1.7,4.4,,walkeja01
228,Tyler Kolek,24,NYK,PG,61,1,11.7,1.7,4.0,.434,0.7,1.8,.378,1.0,2.1,.481,.521,0.2,0.3,.700,0.3,1.3,1.6,2.8,0.3,0.1,0.9,1.0,4.4,,kolekty01
229,Craig Porter Jr.,25,CLE,PG,60,2,17.6,1.8,4.0,.439,0.5,1.5,.345,1.3,2.5,.493,.502,0.3,0.6,.556,1.3,2.0,3.3,3.2,0.9,0.6,0.9,1.1,4.3,,portecr01
230,Rayan Rupert,21,2TM,SG,60,5,15.5,1.6,4.1,.393,0.7,1.9,.342,1.0,2.2,.436,.472,0.4,0.6,.735,0.6,1.9,2.5,0.8,0.8,0.1,0.7,1.8,4.3,,ruperra01
231,Noah Penda,21,ORL,SF,55,2,13.4,1.5,3.6,.412,0.5,1.6,.333,0.9,2.0,.477,.487,0.6,0.9,.688,1.2,2.2,3.4,1.2,0.5,0.3,0.8,1.2,4.1,,pendano01
232,Nicolas Batum,37,LAC,PF,70,6,17.9,1.3,3.3,.398,1.3,3.2,.398,0.1,0.1,.400,.589,0.1,0.2,.818,0.3,2.2,2.6,0.9,0.7,0.3,0.5,1.3,4.0,,batumni01
233,Caleb Martin,30,DAL,SF,58,12,14.8,1.5,3.3,.450,0.3,1.0,.351,1.1,2.3,.492,.503,0.6,1.1,.607,0.5,2.0,2.5,1.4,0.7,0.3,0.7,1.5,3.9,,martica02
234,Hugo González,19,BOS,SF,71,3,14.8,1.6,3.4,.471,0.6,1.6,.357,1.0,1.8,.571,.555,0.2,0.4,.500,0.9,2.5,3.4,0.5,0.5,0.3,0.5,1.7,3.9,,gonzahu01
235,Jaylen Clark,24,MIN,SG,63,0,12.4,1.4,3.2,.432,0.4,1.3,.310,1.0,1.8,.522,.497,0.7,1.1,.657,0.8,1.0,1.8,0.5,0.6,0.1,0.3,1.2,3.8,,clarkja02
236,Carter Bryant,20,SAS,PF,65,0,10.9,1.4,3.6,.386,0.6,2.1,.309,0.7,1.5,.495,.476,0.4,0.6,.711,0.5,2.0,2.4,0.5,0.2,0.3,0.4,1.2,3.8,,bryanca01
237,Micah Peavy,24,NOP,SG,55,1,13.2,1.6,4.2,.377,0.4,1.7,.231,1.2,2.5,.471,.422,0.2,0.3,.684,0.7,1.0,1.8,0.9,0.6,0.1,0.3,1.3,3.8,,peavymi01
238,Clint Capela,31,HOU,C,69,2,12.4,1.5,3.0,.512,0.0,0.0,,1.5,3.0,.512,.512,0.6,1.0,.597,2.1,2.5,4.6,0.7,0.5,0.8,0.6,1.0,3.6,,capelca01
239,Mohamed Diawara,20,NYK,SF,66,6,8.7,1.3,3.0,.434,0.7,1.8,.397,0.6,1.2,.494,.556,0.2,0.3,.706,0.2,1.1,1.3,0.7,0.2,0.1,0.4,0.7,3.5,,diawamo01
240,Dwight Powell,34,DAL,C,57,10,13.8,1.0,1.5,.667,0.0,0.1,.333,1.0,1.5,.679,.672,1.3,1.9,.685,1.4,2.4,3.8,0.9,0.5,0.3,0.6,1.9,3.4,,poweldw01
241,Jamison Battle,24,TOR,SF,55,2,9.0,1.2,2.5,.500,0.6,1.5,.422,0.6,1.0,.623,.629,0.1,0.2,.667,0.3,1.2,1.6,0.4,0.1,0.1,0.3,0.8,3.3,,battlja01
242,Tyus Jones,29,3TM,PG,64,10,14.6,1.1,3.2,.346,0.6,2.0,.277,0.5,1.2,.467,.434,0.1,0.1,.778,0.2,0.9,1.0,2.4,0.6,0.0,0.3,0.5,2.9,,jonesty01
,League Average,,,,,,,,,.470,,,.359,,,.549,.545,,,.783,,,,,,,,,,,-9999